[
    { "name" : "standard", 
      "children": [        
            { "name" : "timestamp", "header" : "Timestamp", "type" : "ISOdateTime", "cdmPath" : "tests.results.testTime"  },
            { "name" : "testType", "header" : "Test", "type" : "string", "cdmPath" : "tests.label"  },
            { "name" : "locaion", "header" : "ID", "type" : "string", "cdmPath" : "tests.testLocations.label"  },
            { "name" : "status", "header" : "Status", "type" : "status", "cdmPath" : "tests.results.status"  },
            { "name" : "device", "header" : "Device", "type" : "string", "cdmPath" : "assetInfo.model"  }
        ]
    },
    { "name" : "Fiber Inspection", 
        "children" : [
        { "name" : "measurement",  
            "children" :  [
                { "name": "ZoneA", "header" : "Zone A", "type": "status", "cdmPath" : "tests.result.data.status" },
                { "name": "ZoneB", "header" : "Zone B", "type": "status", "cdmPath" : "tests.result.data.status" },
                { "name": "ZoneC", "header" : "Zone C", "type": "status", "cdmPath" : "tests.result.data.status" },
                { "name": "ZoneD", "header" : "Zone D", "type": "status", "cdmPath" : "tests.result.data.status" },
                { "name": "ZoneE", "header" : "Zone E", "type": "status", "cdmPath" : "tests.result.data.status" },
                { "name": "ZoneF", "header" : "Zone F", "type": "status", "cdmPath" : "tests.result.data.status" },
                { "name": "ZonePassAll", "header" : "passAll", "type": "status", "cdmPath" : "tests.result.data.status" },
                { "name": "ZonePassDefects", "header" : "Zone Pass Defects", "type": "status", "cdmPath" : "tests.result.data.status" },
                { "name": "ZonePassScratches", "header" : "Zone Pass Scratches", "type": "status", "cdmPath" : "tests.result.data.status" }
            ],
        },
        { "name" : "configuration", "children" : []},
        { "name" : "insturment", "children" : []},

        ]   
    }
]