{
    "standard": {
        "columns": [        
            { "name" : "timestamp", "header" : "Timestamp", "type" : "ISOdateTime", "cdmPath" : "tests.results.testTime"  },
            { "name" : "testType", "header" : "Test", "type" : "string", "cdmPath" : "tests.label"  },
            { "name" : "locaion", "header" : "ID", "type" : "string", "cdmPath" : "tests.testLocations.label"  },
            { "name" : "status", "header" : "Status", "type" : "status", "cdmPath" : "tests.results.status"  },
            { "name" : "device", "header" : "Device", "type" : "string", "cdmPath" : "assetInfo.model"  }
        ]
    },
    "fiberInspection": {
        "measurement" : [
            { "name": "ZoneA", "header" : "Zone A", "type": "status", "cdmPath" : "tests.result.data.status" },
            { "name": "ZoneB", "header" : "Zone B", "type": "status", "cdmPath" : "tests.result.data.status" },
            { "name": "ZoneC", "header" : "Zone C", "type": "status", "cdmPath" : "tests.result.data.status" },
            { "name": "ZoneD", "header" : "Zone D", "type": "status", "cdmPath" : "tests.result.data.status" },
            { "name": "ZoneE", "header" : "Zone E", "type": "status", "cdmPath" : "tests.result.data.status" },
            { "name": "ZoneF", "header" : "Zone F", "type": "status", "cdmPath" : "tests.result.data.status" },
            { "name": "ZonePassAll", "header" : "passAll", "type": "status", "cdmPath" : "tests.result.data.status" },
            { "name": "ZonePassDefects", "header" : "Zone Pass Defects", "type": "status", "cdmPath" : "tests.result.data.status" },
            { "name": "ZonePassScratches", "header" : "Zone Pass Scratches", "type": "status", "cdmPath" : "tests.result.data.status" }
        ],
        "configuration" : [],
        "insturment" : []
    },
    "otdr": {
        "measurement" : [
            { "name": "wavelength", "header" : "Wavelength", "type": "string", "cdmPath" : "tests.result.data.wavelength" },
            { "name": "wavelengthTestStatus", "header" : "Wavelength Test Status", "type": "string", "cdmPath" : "tests.result.data.wavelength" },
            { "name": "acqusisionTime", "header" : "Acqusision Time", "type": "ISOdateTime", "cdmPath" : "tests.result.data.wavelength" },
            { "name": "length", "header" : "Length", "type": "number", "cdmPath" : "tests.result.data.wavelength" },
            { "name": "linkLoss", "header" : "Link Loss", "type": "number", "cdmPath" : "tests.result.data.wavelength" },
            { "name": "linkOrl", "header" : "Return Loss", "type": "number", "cdmPath" : "tests.result.data.wavelength" },
            { "name": "maxConnector", "header" : "Max Connector", "type": "number", "cdmPath" : "tests.result.data.wavelength" },
            { "name": "maxReflectance", "header" : "Max Reflectance", "type": "number", "cdmPath" : "tests.result.data.wavelength" },
            { "name": "numEvents", "header" : "Number of Events", "type": "int", "cdmPath" : "tests.result.data.wavelength" }
        ],
        "configuration" : [],
        "insturment" : []
    },
    "opticalPower": {
        "measurement" : [
            { "name": "wavelength", "header" : "Wavelength", "type": "number", "cdmPath" : "tests.result.data.wavelength" },
            { "name": "mode", "header" : "Mode", "type": "string", "cdmPath" : "tests.result.data.wavelength" },
            { "name": "power", "header" : "Power", "type": "number", "cdmPath" : "tests.result.data.wavelength" },
            { "name": "insertionLoss", "header" : "Insertion Loss", "type": "number", "cdmPath" : "tests.result.data.wavelength" },
            { "name": "reference", "header" : "Reference", "type": "number", "cdmPath" : "tests.result.data.wavelength" }
        ],
        "configuration" : [],
        "insturment" : []
    },
    "OpticalLoss": {
        "measurement" : [
            { "name": "wavelength", "header" : "Wavelength", "type": "number", "cdmPath" : "tests.result.data.wavelength" },
            { "name": "insertionLoss", "header" : "Insertion Loss", "type": "number", "cdmPath" : "tests.result.data.wavelength" },
            { "name": "reference", "header" : "Reference", "type": "number", "cdmPath" : "tests.result.data.wavelength" }
        ],
        "configuration" : [],
        "insturment" : []
    },
    "truePON": {
        "measurement" : [
            { "name": "wavelength", "header" : "Wavelength", "type": "number", "cdmPath" : "tests.result.data.wavelength" },
            { "name": "signalStrengh", "header" : "Signal Strength", "type": "number", "cdmPath" : "tests.result.data.wavelength" },
            { "name": "txOpticalLevel", "header" : "Tx Optical Level", "type": "number", "cdmPath" : "tests.result.data.wavelength" },
 
            { "name": "gponLoss", "header" : "GPON Loss", "type": "number", "cdmPath" : "tests.result.data.wavelength" },
            { "name": "gponLossMarginLower", "header" : "GPON Loss Margin Lower", "type": "number", "cdmPath" : "tests.result.data.wavelength" },
            { "name": "gponLossMarginUpper", "header" : "GPON Loss Margin Upper", "type": "number", "cdmPath" : "tests.result.data.wavelength" },
            { "name": "gponLossTestStatus", "header" : "GPON Loss Test Status", "type": "number", "cdmPath" : "tests.result.data.wavelength" },
            { "name": "gponOltId", "header" : "GPON OLT Id", "type": "string", "cdmPath" : "tests.result.data.wavelength" },
            { "name": "gponOntClass", "header" : "GPON ONT Class", "type": "string", "cdmPath" : "tests.result.data.wavelength" },
            { "name": "gponOntClassTestStatus", "header" : "GPON ONT Class Test Status", "type": "status", "cdmPath" : "tests.result.data.wavelength" },
            { "name": "gponTol", "header" : "GPON TOL", "type": "number", "cdmPath" : "tests.result.data.wavelength" },
            { "name": "gponPowerDownstream", "header" : "GPON Power Downstream", "type": "number", "cdmPath" : "tests.result.data.wavelength" },
            { "name": "gponPowerDownstreamMarginLower", "header" : "GPON Power Downstream MarginLower", "type": "number", "cdmPath" : "tests.result.data.wavelength" },
            { "name": "gponPowerDownstreamMarginUpper", "header" : "GPON Power Downstream Margin Upper", "type": "number", "cdmPath" : "tests.result.data.wavelength" },
            { "name": "gponPowerDownstreamSignalStatus", "header" : "GPON Power Downstream Signal Status", "type": "string", "cdmPath" : "tests.result.data.wavelength" },
            { "name": "gponPowerDownstreamTestStatus", "header" : "GPON Power Downstream Test Status", "type": "status", "cdmPath" : "tests.result.data.wavelength" },

            { "name": "xgponLoss", "header" : "XGPON Loss", "type": "number", "cdmPath" : "tests.result.data.wavelength" },
            { "name": "xgponLossMarginLower", "header" : "XGPON Loss Margin Lower", "type": "number", "cdmPath" : "tests.result.data.wavelength" },
            { "name": "xgponLossMarginUpper", "header" : "XGPON Loss Margin Upper", "type": "number", "cdmPath" : "tests.result.data.wavelength" },
            { "name": "xgponLossTestStatus", "header" : "XGPON Loss Test Status", "type": "number", "cdmPath" : "tests.result.data.wavelength" },
            { "name": "xgponOltId", "header" : "XGPON OLT Id", "type": "string", "cdmPath" : "tests.result.data.wavelength" },
            { "name": "xgponOntClass", "header" : "XGPON ONT Class", "type": "string", "cdmPath" : "tests.result.data.wavelength" },
            { "name": "xgponOntClassTestStatus", "header" : "XGPON ONT Class Test Status", "type": "status", "cdmPath" : "tests.result.data.wavelength" },
            { "name": "xgponTol", "header" : "XGPON TOL", "type": "number", "cdmPath" : "tests.result.data.wavelength" },
            { "name": "xgponPowerDownstream", "header" : "XGPON Power Downstream", "type": "number", "cdmPath" : "tests.result.data.wavelength" },
            { "name": "xgponPowerDownstreamMarginLower", "header" : "XGPON Power Downstream MarginLower", "type": "number", "cdmPath" : "tests.result.data.wavelength" },
            { "name": "xgponPowerDownstreamMarginUpper", "header" : "XGPON Power Downstream Margin Upper", "type": "number", "cdmPath" : "tests.result.data.wavelength" },
            { "name": "xgponPowerDownstreamSignalStatus", "header" : "XGPON Power Downstream Signal Status", "type": "string", "cdmPath" : "tests.result.data.wavelength" },
            { "name": "xgponPowerDownstreamTestStatus", "header" : "XGPON Power Downstream Test Status", "type": "status", "cdmPath" : "tests.result.data.wavelength" }
        ],
        "configuration" : [],
        "insturment" : []
    }
}